,vuz,obsh,info,rating
0,Институт пищевых технологий и дизайна НГИЭУ,False,,
1,Институт сферы обслуживания и предпринимательства ДГТУ в г. Шахты ,False,,
2,Институт технологий ДГТУ в г. Волгодонске,False,,
3,Институт ядерной энергетики СПбПУ в г. Сосновый Бор ,False,,
4,ИрГУПС,True,,
5,Иркутский ГАУ,True,,
6,Иркутский институт ВГУЮ,False,,
7,Иркутский филиал ВГИК,False,,
8,Иркутский филиал МГТУ ГА,False,,
9,Иркутский филиал РУС «ГЦОЛИФК»,False,,
10,Ишимский педагогический институт им. П.П. Ершова ТюмГУ,False,,
11,КАГМС,False,,
12,КБГУ им. Х. М. Бербекова,True,"
Количество общежитий, интернатов: 10
Общая площадь общежитий (м кв.): 42776,5
Жилая площадь общежитий (м кв.): 22235,56
Количество мест в общежитиях: 3432",
13,КГАВМ им. Н.Э. Баумана,True,,
14,КГАСУ,True,"
Вероятно, общежитие в этом вузе дают не всем
Информация выявлена путем опроса студентов",
15,КГАУ,True,,
16,КГК им. Н. Г. Жиганова,True,,
17,КГМТУ,True,,
18,КГМУ,True,,
19,КГМУ,True,,
20,КГПИ КемГУ,False,,
21,КГПУ им. В.П. Астафьева,True,,
22,КГТА им. В.А. Дегтярева,True,,
23,КГТУ,True,,
24,КГУ,True,,
25,КГУ,True,,
26,КГУ,True,,
27,КГУ им. К.Э. Циолковского,True,,
28,КГУФКСТ,True,,
29,КГЭУ,True,"
Вероятно, общежитие в этом вузе дают не всем
Информация выявлена путем опроса студентов
",8.75
30,КИЖТ УрГУПС,False,,
31,КИПУ им. Якубова,False,,
32,КНИТУ,True,"
Вероятно, общежитие в этом вузе дают не всем
Информация выявлена путем опроса студентов",
33,КНИТУ-КАИ,True,"
Вероятно, общежитие в этом вузе дают не всем
Информация выявлена путем опроса студентов
Обеспеченность общежитиями в КНИТУ-КАИ для иногородних студентов – 100%!
Для комфортного проживания КНИТУ-КАИ предлагает иногородним студентам разместиться в одном из семи студенческих общежитиях вуза. Для проживания студентов представлены двух-, трех-, четырехместные комнаты. Важно отметить, что студенческие дома находятся в непосредственной близости к учебным зданиям и социальным объектам университета.
В общежитиях КНИТУ-КАИ созданы необходимые условия для полноценного проживания, учебы, культурного отдыха и занятий спортом. Общежития оборудованы читальными и компьютерными залами, комнатами отдыха с теннисными столами, а также тренажерными залами. Есть прачечные комнаты со стиральными машинами. На базе общежития № 2 функционирует профилакторий, оснащенный современным медицинским оборудованием.
Охрану общественного порядка в общежитии осуществляет Студенческая служба безопасности и частное охранное предприятие.
Стоит отметить, что студент на протяжении всего периода обучения обеспечивается жильем при соблюдении правил проживания. Администрация студенческого городка проводит постоянный мониторинг. Кроме того, в каждом общежитии есть свои студенческие советы, которые помогают решать жилищно-бытовые вопросы иногородних студентов, организуют культурно-массовые и спортивные мероприятия.",
34,КРАГСиУ,True,,
35,КУКИиТ,False,,
36,КУРО,True,"
Количество общежитий: 2 (м. Печатники, м. Свиблово)
Жилая площадь общежитий составляет 1855,8 квадратных метров и рассчитана на 280 обучающихся. Общежития полностью оснащены (в соответсвии с установленными стандартными нормами) мягким и жестким инвентарем. Так же в обоих корпусах находятся столовые.
В общежитиях работает пропускная система.",
37,КФ НГПУ,False,,
38,КФ ФГБОУВО «РГУП»,True,,
39,КФУ,True,"
Вероятно, общежитие в этом вузе дают не всем
Информация выявлена путем опроса студентов
",6.56
40,КФУ им. Вернадского,True,"
Вероятно, общежитие в этом вузе дают не всем
Информация выявлена путем опроса студентов",
41,КЧГУ им. У.Д. Алиева,True,,
42,Кабардино-Балкарский ГАУ,True,,
43,КазГИК,True,,
44,Казанский институт ВГУЮ,False,,
45,Казанский филиал РАНХиГС,False,,
46,КалмГУ,True,,
47,Калужский институт ВГУЮ,False,,
48,Калужский филиал МГТУ им. Баумана,True,,
49,Калужский филиал РАНХиГС,False,,
50,Калужский филиал ФУ при Правительстве РФ,False,,
51,КамГУ им. Витуса Беринга,True,,
52,КамчатГТУ,True,,
53,Камышинский технологический институт (филиал) ВолгГТУ,False,,
54,Карельский филиал РАНХиГС,False,,
55,Каспийский институт морского и речного транспорта  им. ген.-адм. Ф.М. Апраксина ВГУВТ,False,,
56,КемГИК ,True,,
57,КемГМУ,True,,
58,КемГУ,True,,
59,Керченский филиал КИПУ им. Якубова,True,,
60,Кировский ГМУ,True,,
61,Кировский филиал РАНХиГС,False,,
62,КнАГУ,True,,
63,Княгининский университет,True,,
64,Коломенский институт Московского политеха,False,,
65,Костромская ГСХА,True,,
66,КрФ ФГБОУВО «РГУП»,True,,
67,КрасГАУ,True,,
68,КрасГМУ,True,,
69,Краснодарский филиал РЭУ им. Плеханова,False,,
70,Краснодарский филиал ФУ при Правительстве РФ,False,,
71,Красноярский институт железнодорожного транспорта ИрГУПС,False,,
72,КубГАУ,True,"
Вероятно, общежитие в этом вузе дают всем желающим
Информация выявлена путем опроса студентов
",5.43
73,КубГМУ,True,"
Вероятно, общежитие в этом вузе дают всем желающим
Информация выявлена путем опроса студентов",
74,КубГТУ,True,"
Вероятно, общежитие в этом вузе дают не всем
Информация выявлена путем опроса студентов",
75,КубГУ,True,"
Вероятно, общежитие в этом вузе дают не всем
Информация выявлена путем опроса студентов",
76,Кубанский казачий институт пищевой индустрии и бизнеса МГУТУ ,False,,
77,КузГТУ им. Т.Ф. Горбачева,True,,
78,Кузбасский ГАУ,True,,
79,Кумертауский филиал ОГУ,True,,
80,Курганская ГСХА им. Т.С. Мальцева,True,,
81,Курганский филиал РАНХиГС,False,,
82,Курский ГАУ им. И.И. Иванова,True,,
83,Курский филиал ФУ при Правительстве РФ,False,,
84,ЛГПУ,True,,
85,ЛГТУ,True,,
86,ЛГУ им. А.С. Пушкина,True,"
",4.4
87,ЛИ им. А.М. Горького,True,,
88,ЛПИ - филиал СФУ,True,,
89,ЛФ КНИТУ-КАИ,False,,
90,ЛФ ПНИПУ,False,,
91,Липецкий казачий институт технологий и управления МГУТУ,False,,
92,Липецкий филиал РАНХиГС,False,,
93,Липецкий филиал ФУ при Правительстве РФ,False,,
94,Лужский институт (филиал) ЛГУ имени А.С. Пушкина,True,,
95,МАДИ,True,"
Вероятно, общежитие в этом вузе дают всем желающим
Информация выявлена путем опроса студентов
",8.33
96,МАИ,True,"
Вероятно, общежитие в этом вузе дают не всем
Информация выявлена путем опроса студентов
",7.14
97,МАРХИ,True,,
98,МАУ,True,,
99,МГАВМиБ-МВА имени К.И. Скрябина,True,"
Вероятно, общежитие в этом вузе дают всем желающим
Информация выявлена путем опроса студентов",
100,МГИК,True,"
Вероятно, общежитие в этом вузе дают не всем
Информация выявлена путем опроса студентов",
101,МГИМО,True,"
Вероятно, общежитие в этом вузе дают не всем
Информация выявлена путем опроса студентов",
102,МГИМО Одинцово,True,,
103,МГК им. П.И. Чайковского,True,,
104,МГЛУ,True,"
Вероятно, общежитие в этом вузе дают не всем
Информация выявлена путем опроса студентов
",4.5
105,МГМСУ,True,"
Вероятно, общежитие в этом вузе дают не всем
Информация выявлена путем опроса студентов",
106,МГМУ им. Сеченова,True,"
Вероятно, общежитие в этом вузе дают не всем
Информация выявлена путем опроса студентов

Первый МГМУ им. И.М. Сеченова располагает четырьмя студенческими общежитиями:
№ 1 – находится на ул. Малая Пироговская, д.16
№ 3 – находится на ул. 11-я Парковая, д. 5
№ 4 – находится на ул. 11-я Парковая, д. 7
№ 5 – находится на ул. Азовская, д. 15
К сожалению, из-за проведения капитального ремонта общежития № 1, возможности по размещению обучающихся в общежития Университета крайне ограничены. Не все обучающиеся принятые по целевому набору в 2015 году смогут разместиться в студенческих общежитиях Университета.
Университетом заключены договоры с некоторыми Вузами г. Москвы на размещение обучающихся Первого МГМУ в договорных общежитиях других Вузов.",9.14
107,МГОТУ им. А.А. Леонова,True,,
108,МГППУ,False,,
109,МГПУ,False,,
110,МГПУ им. М.Е. Евсевьева,True,,
111,МГРИ,True,"
Вероятно, общежитие в этом вузе дают всем желающим
Информация выявлена путем опроса студентов",
112,МГТУ,True,,
113,МГТУ,True,,
114,МГТУ «СТАНКИН»,True,"
Вероятно, общежитие в этом вузе дают всем желающим
Информация выявлена путем опроса студентов
",5.44
115,МГТУ ГА,True,,
116,МГТУ им. Баумана,True,"
Вероятно, общежитие в этом вузе дают не всем
Информация выявлена путем опроса студентов
",6.27
117,МГТУ им. Г.И. Носова,True,,
118,МГУ им. Ломоносова,True,"
Вероятно, общежитие в этом вузе дают всем желающим
Информация выявлена путем опроса студентов
",7.05
119,МГУ им. Ломоносова в Севастополе,True,,
120,МГУ им. адм. Г.И. Невельского,True,,
121,МГУ имени Н.П. Огарева,True,,
122,МГУТУ им. К.Г. Разумовского,True,"
Вероятно, общежитие в этом вузе дают всем желающим
Информация выявлена путем опроса студентов",
123,МГУУ Правительства Москвы им. Ю.М. Лужкова,False,,
124,МГЮА им. Кутафина,True,"
Вероятно, общежитие в этом вузе дают не всем
Информация выявлена путем опроса студентов
",5.85
125,МИИГАиК,True,"
Вероятно, общежитие в этом вузе дают не всем
Информация выявлена путем опроса студентов
",5.82
126,МИЭТ,True,"
Вероятно, общежитие в этом вузе дают не всем
Информация выявлена путем опроса студентов

Студгородок МИЭТа расположен в Зеленограде вне основного вузовского комплекса в лесном массиве. От общежития до университета 25 минут пешком или 15 минут на автобусе.
На территории Студгородка расположены: библиотека, читальный зал, столовая,центр компьютерного обучения, аудитория для самоподготовки студентов (работает круглосуточно), гостевые комнаты для проживания родителей, спортзал, танцевальная студия, клуб.
В общежитии имеются секции тяжелой атлетики, восточных единоборств, настольного тенниса. Футбольная, волейбольная и баскетбольная команды студгородка играют в первой и высшей лигах города Зеленограда. Существует и хоккейная команда.
В Студгородке с 1995 года функционирует и развивается локальная компьютерная сеть. За эти годы сеть из технического новшества превратилась в настоящее студенческое сообщество, в которое сегодня входит более 1500 человек и объединяет все пять корпусов общежития.
Студгородок состоит из 4-х пятиэтажных и одного 11-этажного зданий, объединённых в единый комплекс с одной общей проходной и может вместить более 2000 студентов. В пятиэтажных зданиях – коридорная система проживания. На этаже 36 комнат, рассчитанных на 2, 3 или 4 человека и помещения санитарно-гигиенического назначения. В 11-этажном здании система проживания блочного типа.",6.0
127,МПГУ,True,"
Вероятно, общежитие в этом вузе дают не всем
Информация выявлена путем опроса студентов

У МПГУ 7 общежитий, где размещаются все иногородние студенты. Большое количество общежитий - одно из важных преимуществ МПГУ.",6.27
128,МТУСИ,True,"
Вероятно, общежитие в этом вузе дают не всем
Информация выявлена путем опроса студентов

Пункт общежитие:
МТУСИ предлагает студентам 3 общежития:
1)	 Москва, ул. Авиамоторная, д. 8а, стр. 7
2)	Москва, 2-й Кабельный пр-д, д. 4
3)	Москва, ул. Тухачевского, д. 18
Общежитие предоставляется на конкурсном отборе. Иногородним студентам, проживающим на расстоянии от 60 км. от Москвы и далее, зачисленным на первый курс очной формы на бюджетные места и набравшим 260 баллов и выше, гарантировано предоставление мест в общежитии. Иногородние студенты получают общежитие повышенной комфортности (призёры ВСОШ с одноместным размещением, призёры олимпиад из перечня Минобрнауки, с двухместным размещением).",5.13
129,МФ МАДИ,True,,
130,МФТИ,True,"
Вероятно, общежитие в этом вузе дают всем желающим
Информация выявлена путем опроса студентов
",6.7
131,МаГК им. М.И. Глинки,True,,
132,МарГУ,True,,
133,Миасский филиал ЧелГУ ,False,,
134,МичГАУ,True,,
135,Морской институт им. вице-адмирала В.А. Корнилова ГМУ им. адм. Ф.Ф. Ушакова в г. Севастополе,False,,
136,Московский Политех,True,"
Вероятно, общежитие в этом вузе дают всем желающим
Информация выявлена путем опроса студентов

В студенческом городке Московского Политеха 10 общежитий.",6.36
137,Московский областной казачий институт технологий и управления МГУТУ,False,,
138,Московский областной филиал РАНХиГС,False,,
139,Мурманский филиал РАНХиГС,False,,
140,Муромский институт ВлГУ,False,,
141,Мытищинский филиал МГТУ им. Баумана,True,,
142,Мытищинский филиал НИУ МГСУ,False,,
143,НВГУ,True,,
144,НГАСУ,True,,
145,НГАУ,True,,
146,НГГТИ,False,,
147,НГЛУ им. Н.А. Добролюбова,True,"
Вероятно, общежитие в этом вузе дают не всем
Информация выявлена путем опроса студентов",
148,НГМУ,True,,
149,НГПУ,True,,
150,НГПУ,True,,
151,НГПУ им. К. Минина,True,"
Вероятно, общежитие в этом вузе дают всем желающим
Информация выявлена путем опроса студентов",
152,НГТУ НЭТИ,True,,
153,НГТУ им. Р.Е. Алексеева,True,,
154,НГУ,True,"
Вероятно, общежитие в этом вузе дают не всем
Информация выявлена путем опроса студентов
",6.74
155,НГУ им. П. Ф. Лесгафта,True,,
156,НГУАДИ,True,,
157,НГУЭУ,True,,
158,НИУ ВШЭ,True,"
Вероятно, общежитие в этом вузе дают не всем
Информация выявлена путем опроса студентов

В настоящее время у НИУ ВШЭ 9 общежитий на 7100 мест. Современные общежития квартирного типа для иногородних студентов находятся в г. Одинцово, Подмосковье. Общежития коридорного типа находятся в пределах Москвы.
Всем иногородним студентам, постоянно зарегистрированным далее 8 ж/д зоны от Москвы, Университет гарантирует место в общежитии. НИУ ВШЭ обеспечивает: возможность поселиться в общежитии любому студенту НИУ ВШЭ, который на время отказывался от него (проживал в другом месте), но пожелал снова жить в общежитии. При ухудшении материального положения (или по иной причине) любой студент, ранее отказавшийся от общежития (для проживания в другом месте), может обратиться с заявлением в Управление социальный сферы, после чего ему будет вновь предоставлено место в общежитии.
Все студенты ВШЭ смогут проходить в общежития в любое время — независимо от времени суток.
Во всех общежития проведен беспроводной интернет с доступностью в любое время суток.",7.5
159,НИУ ВШЭ НН,True,"
Вероятно, общежитие в этом вузе дают всем желающим
Информация выявлена путем опроса студентов
",7.75
160,НИУ ВШЭ Пермь,True,,
161,НИУ ВШЭ СПБ,True,"
Вероятно, общежитие в этом вузе дают всем желающим
Информация выявлена путем опроса студентов",
162,НИУ МГСУ,True,,
163,НИУ МЭИ,True,"
Вероятно, общежитие в этом вузе дают не всем
Информация выявлена путем опроса студентов

Студенческий городок включает в себя восемь студенческих общежитий и санаторий-профилакторий МЭИ. В шаговой доступности от общежитий Студенческого городка находятся дом культуры МЭИ, столовые, бассейн, стадион &quot;Энергия&quot;, учебные корпуса, научно-техническая библиотека.
Для удобного и комфортного проживания студентов, в общежитиях имеются комнаты для самостоятельных занятий, комнаты отдыха, спортивные и танцевальные залы, теннисные комнаты, гладильные комнаты, недорогие прачечные и ателье, кафе, комнаты студенческих советов и многое другое.
Большое внимание МЭИ уделяет безопасности проживания студентов в общежитиях студенческого городка. В рамках программы обеспечения безопасности во всех общежитиях студенческого городка установлены системы видеонаблюдения и введен пропускной режим, установлены турникеты.",5.32
164,НИУ РАНХиГС,True,"
Места для проживания предоставляются по адресу: г. Нижний Новгород, ул. Пушкина, д. 8 и д. 10. Станция метро – «Горьковская».
1) Общежитие коридорного типа по адресу г. Нижний Новгород, ул. Пушкина, д. 10.
Студенты живут по 3 человека в одной комнате. На каждом этаже предусмотрены: комфортная кухня, умывальные комнаты и туалетные комнаты. В цокольном этаже общежития находятся душевые комнаты, также есть постирочная комната, оборудованная стиральными машинами. Для комфортной, насыщенной и интересной жизни студентов в общежитии оборудованы рекреации: учебная, спортивная, игровая.
2) Общежитие гостиничного типа по адресу г. Нижний Новгород, ул. Пушкина, д. 8.
С 3 по 5 этаж – блочная система комнат.
В блоке – 2 комнаты, душ, туалет (студенты живут по 2 человека в одной комнате).
С 6 по 8 этаж – комнаты от 4 до 6 человек.
Комната оборудована совмещенным санузлом, который имеет ванну, биде, унитаз и раковину.
На каждом этаже расположена кухня, в этом же здании находится столовая. На цокольном этаже есть постирочная комната, оборудованная стиральными машинами.",
165,НИЯУ МИФИ,True,"
Вероятно, общежитие в этом вузе дают всем желающим
Информация выявлена путем опроса студентов
",8.83
166,НМИЦ им. В. А. Алмазова,True,,
167,ННГАСУ,True,,
168,ННГУ им. Лобачевского,True,"
Вероятно, общежитие в этом вузе дают не всем
Информация выявлена путем опроса студентов",
169,НТГСПИ (филиал) РГППУ в г. Нижнем Тагиле,True,,
170,НТИ (филиал) СКФУ,True,,
171,НТИ НИЯУ МИФИ,True,,
172,НЧФ КНИТУ-КАИ,False,,
173,Набережночелнинский институт КФУ,True,,
174,Нижегородский ГАТУ,True,,
175,Нижегородский институт управления - филиал РАНХиГС,True,"
Места для проживания предоставляются по адресу: г. Нижний Новгород, ул. Пушкина, д. 8 и д. 10. Станция метро – «Горьковская».
1) Общежитие коридорного типа по адресу г. Нижний Новгород, ул. Пушкина, д. 10.
Студенты живут по 3 человека в одной комнате. На каждом этаже предусмотрены: комфортная кухня, умывальные комнаты и туалетные комнаты. В цокольном этаже общежития находятся душевые комнаты, также есть постирочная комната, оборудованная стиральными машинами. Для комфортной, насыщенной и интересной жизни студентов в общежитии оборудованы рекреации: учебная, спортивная, игровая.
2) Общежитие гостиничного типа по адресу г. Нижний Новгород, ул. Пушкина, д. 8.
С 3 по 5 этаж – блочная система комнат.
В блоке – 2 комнаты, душ, туалет (студенты живут по 2 человека в одной комнате).
С 6 по 8 этаж – комнаты от 4 до 6 человек.
Комната оборудована совмещенным санузлом, который имеет ванну, биде, унитаз и раковину.
На каждом этаже расположена кухня, в этом же здании находится столовая. На цокольном этаже есть постирочная комната, оборудованная стиральными машинами.",
176,Нижнекамский химико-технологический институт КНИТУ,False,,
177,Нижнетагильский технологический институт (филиал) УрФУ,False,,
178,НовГУ,True,,
179,Новгородский филиал РАНХиГС,False,,
180,Новомосковский институт РХТУ им. Д.И. Менделеева,True,,
181,Новороссийский политехнический институт КубГТУ,False,,
182,Новороссийский филиал ФУ при Правительстве РФ,False,,
183,Новосибирский юридический институт (филиал) ТГУ,False,,
184,Новотроицкий филиал МИСиС,False,,
185,Новочеркасский инженерно-мелиоративный институт им. А.К.Кортунова (филиал) ДГАУ ,True,,
186,ОГАУ,True,,
187,ОГИК,True,"
Вероятно, общежитие в этом вузе дают не всем
Информация выявлена путем опроса студентов",
188,ОГПУ,True,,
189,ОГУ,True,"
Вероятно, общежитие в этом вузе дают не всем
Информация выявлена путем опроса студентов",
190,ОГУ им. И.С. Тургенева,True,,
191,ОГУЭТ,True,,
192,ОТИ НИЯУ МИФИ,True,,
193,ОмГАУ им. П.А.Столыпина,False,,
194,ОмГМУ,True,,
195,ОмГПУ,True,,
196,ОмГТУ,True,,
197,ОмГУ им. Ф.М. Достоевского,True,"
Вероятно, общежитие в этом вузе дают не всем
Информация выявлена путем опроса студентов",
198,ОмГУПС,True,,
0,АГАТУ,True,"
Вероятно, общежитие в этом вузе дают не всем
Информация выявлена путем опроса студентов
",1.95
1,АГГПУ им. В.М. Шукшина,True,"
Вероятно, общежитие в этом вузе дают не всем
Информация выявлена путем опроса студентов",
2,АГИК,True,"
Вероятно, общежитие в этом вузе дают не всем
Информация выявлена путем опроса студентов",
3,АГИКИ,False,,
4,АГМУ,True,,
5,АГПУ,True,"
Вероятно, общежитие в этом вузе дают не всем
Информация выявлена путем опроса студентов",
6,АГТУ,True,,
7,АГТУ ВШН ,True,"
Вероятно, общежитие в этом вузе дают всем желающим
Информация выявлена путем опроса студентов
",10.0
8,АГУ,True,,
9,АГУ,True,,
10,Алатырский филиал ЧГУ им. И.Н. Ульянова,False,,
11,АлтГПУ,True,,
12,АлтГТУ им. И.И. Ползунова,True,,
13,АлтГУ,True,,
14,Алтайский ГАУ,True,,
15,Алтайский филиал РАНХиГС,False,,
16,Алтайский филиал ФУ при Правительстве РФ,False,,
17,Алфёровский университет,True,"
Вероятно, общежитие в этом вузе дают всем желающим
Информация выявлена путем опроса студентов",
18,Альметьевский филиал КНИТУ-КАИ,False,,
19,АмГМА,True,,
20,АмГПГУ,True,,
21,АнГТУ,True,,
22,Анапский филиал МПГУ,False,,
23,Арзамасский политехнический институт НГТУ им. Р.Е. Алексеева,False,,
24,Арзамасский филиал ННГУ,True,,
25,Армавирский механико-технологический институт КубГТУ,False,,
26,Астраханский ГМУ,True,,
27,Астраханский филиал РАНХиГС,False,,
28,Астраханский филиал СГЮА,False,,
29,Ачинский филиал КрасГАУ,False,,
30,БАГСУ,False,,
31,БГИИК,True,,
32,БГИТУ,True,,
33,БГМУ,True,,
34,БГПУ,True,,
35,БГПУ им. М. Акмуллы,True,,
36,БГТУ,True,,
37,БГТУ им. В.Г. Шухова,True,,
38,БГТУ им. Д. Ф. Устинова (Военмех),True,"
Вероятно, общежитие в этом вузе дают всем желающим
Информация выявлена путем опроса студентов
",9.0
39,БГУ ,True,,
40,БГУ,True,,
41,БГУ им. Доржи Банзарова,True,,
42,БИ СГУ им. Н. Г. Чернышевского,True,,
43,БИИК СибГУТИ,False,,
44,БИТИ НИЯУ МИФИ,True,,
45,БИФ КемГУ,False,,
46,БФ ВГУ,True,,
47,БФ ПНИПУ,False,,
48,БФУ им. И. Канта,True,"
Вероятно, общежитие в этом вузе дают не всем
Информация выявлена путем опроса студентов
",5.43
49,Балаковский филиал РАНХиГС,False,,
50,Балаковский филиал СГЮА ,False,,
51,Балахнинский филиал ННГУ,True,,
52,БашГАУ,True,,
53,Башкирский институт технологий и управления МГУТУ,False,,
54,Башкирский институт физической культуры УралГУФК,False,,
55,БелГУ,True,"
Вероятно, общежитие в этом вузе дают не всем
Информация выявлена путем опроса студентов
Cтуденческий городок НИУ «БелГУ» расположен на трёх площадках, общая площадь которых составляет 63 294,34 кв.м. (жилая площадь 25 186,71 кв.м.). Он объединяет 7 общежитий, рассчитанных на 3 739 мест, в которых проживают студенты и аспиранты из России и других стран мира, обучающиеся в нашем университете:
общежития №1, 3 (ул. Студенческая, 14),
общее количество мест - 717
общежитие №2 (ул. Студенческая, 14),
количество мест - 560
общежитие №4 (ул. Победы, 85),
количество мест - 1044
общежитие №5 (ул. Студенческая, 14),
количество мест - 1105
общежития №№ 6, 7 (ул. Преображенская, 38-б),
общее количество мест - 313
Места в общежитиях предоставляются для временного проживания и размещения:
– на период обучения иногородних граждан, обучающихся по очной форме обучения по программам бакалавриата, специалитета, магистратуры, программам подготовки научно-педагогических кадров в аспирантуре, программам ординатуры;
– обучающимся по заочной форме обучения на период прохождения промежуточной и итоговой аттестации при наличии соответствующего специализированного жилищного фонда.
Жилая комната закрепляется за проживающим на весь период обучения при соблюдении договорных обязательств в образовательном учреждении и при условии положительной аттестации обучающегося, проживающего в общежитии.",
56,Белгородский ГАУ,True,,
57,Бийский технологический институт АлтГТУ им. И.И. Ползунова,False,,
58,БрГУ,True,,
59,Бронницкий филиал МАДИ,False,,
60,Брянский филиал РАНХиГС,False,,
61,Брянский филиал РЭУ им. Плеханова,False,,
62,Бугульминский филиал КНИТУ,False,,
63,Бузулукский гуманитарно-технологический институт (филиал) ОГУ,False,,
64,Бурятская ГСХА,True,"
Вероятно, общежитие в этом вузе дают всем желающим
Информация выявлена путем опроса студентов",
65,ВАВТ Минэкономразвития России,True,"
Вероятно, общежитие в этом вузе дают не всем
Информация выявлена путем опроса студентов

ВАВТ Минэкономразвития России предоставляет более 500 мест для проживания студентам бюджетной и внебюджетной формы обучения:
• 211 мест в новом общежитии на территории кампуса Академии (ул. Пудовкина, д. 4А),
• 245 мест в общежитии квартирного типа около ст. м. Тропарево (Ленинский проспект д.135к3),
• более 50 мест в меблированных и оборудованных квартирах на территории Москвы.
Все номера имеют собственную ванную комнату. Комнаты оборудованы необходимой бытовой техникой: стиральными машинами, холодильником, варочной плитой, духовым шкафом, СВЧ-печью и т.д. На территории всех общежитий работает бесплатная сеть Wi-Fi со скоростью 100 Мбит/с.
Предусмотрены условия для проживания студентов с ограниченными физическими возможностями. Уборка и дезинфекция осуществляется сотрудниками клининговой компании, которые ежедневно проводят комплекс мер по недопущению распространения коронавирусной инфекция COVID-19.
Все студенты Академии могут проходить в общежития в любое время — независимо от времени суток. Стоимость общежития – 690 и 1470 ₽/мес для студентов бюджетной и внебюджетной формы обучения соответственно.
Смотреть фотографии общежития - https://vk.cc/c8xv3r.",6.7
66,ВВФ МТУСИ,True,,
67,ВГАУ им. Петра I,True,,
68,ВГАФК,True,,
69,ВГИИК,True,,
70,ВГИК,True,,
71,ВГИФК,True,,
72,ВГЛТУ им. Г.Ф. Морозова,True,,
73,ВГМУ им. Н.Н. Бурденко,True,,
74,ВГПУ,True,,
75,ВГСПУ,True,,
76,ВГТУ,True,"
Вероятно, общежитие в этом вузе дают не всем
Информация выявлена путем опроса студентов
Студенческие городки ВГТУ включают в себя восемь общежитий, рассчитанные на 2990 мест, которые  расположены в шаговой доступности от  учебного комплекса. Все иногородние студенты очной формы обучения ВГТУ имеют право проживать в данных общежитиях.
В состав студенческого городка по ул. 20-летия Октября входят: девятиэтажное общежитие секционного типа и пять четырех- и пяти этажных общежитий коридорного типа. Комнаты в общежитиях двух- и трехместные.
В состав студенческого городка по Московскому проспекту входят 2 общежития.
В каждом общежитии имеются кухни, умывальные, душевые и туалетные комнаты.
Во всех общежитиях студенческого городка имеются спортивные комнаты, укомплектованные современными тренажерами, есть доступ к интернету.
В общежитии № 6 ВГТУ открылся новый спортивный объект - тренажерный зал, укомплектованный новейшим оборудованием и современным спортивным инвентарем.
Общежития обеспечены мягким и жестким инвентарем по установленным стандартным нормам.",
77,ВГУ,True,"
Вероятно, общежитие в этом вузе дают не всем
Информация выявлена путем опроса студентов",
78,ВГУВТ,True,,
79,ВГУИТ,True,"
Вероятно, общежитие в этом вузе дают всем желающим
Информация выявлена путем опроса студентов
",9.47
80,ВГУЮ,False,,
81,ВИТИ НИЯУ МИФИ,True,,
82,ВЛГАФК,True,,
83,ВСГИК,True,,
84,ВСГУТУ,True,,
85,ВСФ ФГБОУВО «РГУП»,True,,
86,ВФ МАДИ,True,,
87,Великолукская ГСХА,True,,
88,Великолукский филиал ПГУПС ,True,,
89,Верхневолжский ГАУ,True,,
90,ВлГУ им. А. Г. и Н. Г. Столетовых ,True,,
91,Владивостокский филиал РТА,False,,
92,Владикавказский филиал ФУ при Правительстве РФ,False,,
93,Владимирский филиал РАНХиГС,False,,
94,Владимирский филиал ФУ при Правительстве РФ,False,,
95,ВоГУ,True,,
96,ВолГАУ,True,,
97,ВолгГТУ,True,,
98,Волго-Вятский филиал Университета им. Кутафина (МГЮА),False,,
99,Волгоградский институт управления РАНХиГС,False,,
100,Волгоградский филиал РЭУ им. Плеханова,False,,
101,Волжский политехнический институт (филиал) ВолгГТУ,True,,
102,Волжский филиал ВолГУ,False,,
103,Вологодская ГМХА,True,,
104,Вологодский филиал РАНХиГС,False,,
105,Волховский филиал РГПУ им. А.И. Герцена,False,,
106,Воркутинский филиал УГТУ,False,,
107,Воронежский филиал РАНХиГС,False,,
108,Воронежский филиал РЭУ им. Плеханова,False,,
109,Воткинский филиал ИжГТУ им. М.Т. Калашникова,False,,
110,Выборгский филиал РАНХиГС,False,,
111,Выборгский филиал РГПУ им. Герцена,False,,
112,Выксунский филиал МИСИС,False,,
113,ВятГУ,True,"
Вероятно, общежитие в этом вузе дают всем желающим
Информация выявлена путем опроса студентов",
114,Вятский ГАТУ,True,,
115,ГАГУ,True,,
116,ГАУГН,True,"
Вероятно, общежитие в этом вузе дают не всем
Информация выявлена путем опроса студентов

С 2019 года обучающиеся ГАУГН могут проживать в номерах Академической гостиницы.
Гостиница предоставляет номера блочного типа: в блок входят туалет и ванная, две комнаты, в которых могут проживать два или три человека, кухня расположена на этаже. Здание гостиницы оборудовано системой видеонаблюдения, пожарной сигнализацией и круглосуточной охраной.
Стоимость составляет 12 000 руб. в месяц за одно место.
Адрес: ул. Керченская, д. 1а стр. 3.",5.38
117,ГАУСЗ,True,,
118,ГГАУ,False,,
119,ГГНТУ им. ак. М.Д. Миллионщикова,True,,
120,ГИПУ,True,,
121,ГИТИС,True,,
122,ГИЭФПТ,True,,
123,ГМПИ им. М.М. Ипполитова-Иванова,False,,
124,ГМУ им. адмирала Ф.Ф. Ушакова,False,,
125,ГУАП,True,"
Вероятно, общежитие в этом вузе дают не всем
Информация выявлена путем опроса студентов",
126,ГУЗ,True,"
Общежитие №1
Общежитие №1 Государственного университета по землеустройству располагается по адресу: г. Москва, ул. Казакова, д. 102 (м. Курская).
Общежитие представляет собой 11-ти этажное кирпичное здание с балконами на две комнаты, которые было построено к Олимпиаде в Москве 1980 года.
Студенты проживают в комнатах площадью 18 кв.м. по три человека. На каждом этаже расположены: кухня, две умывальной комнаты, мужской и женский туалеты.
Общежитие подключено к сети интернет, с возможностью проведения в каждую комнату. В шаговой доступности от общежития находится продуктовый магазин.
Дополнительная информация:
Наличие современных систем безопасности: Пожарная сигнализация, камеры видеонаблюдения, тревожные кнопки, металлоискатель на пропускном пункте;
Проведение диспансеризации: Ежегодное прохождение медосмотра всеми студентами общежития;
Буфет: 1-й этаж;
Прачечная: 1-й этаж;
Спортивный зал: 11-й этаж.
Общежитие №2
Общежитие №2 Государственного университета по землеустройству располагается по адресу: г. Москва, ул. Студеный проезд, д. 17 (м. Медведково).
Общежитие представляет собой 12-ти этажное здание панельного типа с лоджиями, которое было построено в 1983 году.
Студенты проживают в жилых блоках общей площадью 40 кв.м., включающих две комнаты, соответственно на 4 и 2 человека. В каждом жилом блоке размещена дополнительно умывальная комната и туалет.
Общежитие подключено к сети интернет, с возможностью проведения в каждую комнату. В шаговой доступности от общежития находится продуктовый магазин.
Дополнительная информация:
Наличие современных систем безопасности: Пожарная сигнализация, камеры видеонаблюдения, тревожные кнопки, металлоискатель на пропускном пункте;
Проведение диспансеризации: Ежегодное прохождение медосмотра всеми студентами общежития;
Буфет: 1-й этаж;
Прачечная: 1-й этаж;
Спортивный зал: 7-й этаж;
Учебная комната: 11-й этаж;
Комната для занятия творчеством: 12-й этаж.",
127,ГУП,True,"
Вероятно, общежитие в этом вузе дают не всем
Информация выявлена путем опроса студентов",
128,ГУУ,True,"
Вероятно, общежитие в этом вузе дают не всем
Информация выявлена путем опроса студентов

Студенческое общежитие Государственного университета управления – это два многоэтажных здания общей площадью 36516,2 кв. м, из которых жилая площадь — 14 009,8 кв.м. на 2051 места. Общежитие №2 имеет 16 этажей, а общежитие №6 — 18.
Главные преимущества общежитий ГУУ – это:
- расположение на территории Университета, в 2 минутах от станции метро «Выхино» и в 30 минутах езды от центра Москвы.
- комнаты общежитий предназначены для проживания от одного до семи человек. В блоках гостиничного типа расположены ванные комнаты и туалеты, а так же общая кухня на каждом этаже. Все жилые комнаты обеспечены необходимой для проживания студентов мебелью и постельными принадлежностями.
- все общежития ГУУ оснащены современной системой видеонаблюдения, охраной и автоматической пожарной сигнализацией с выводом сигнала на пульт центральной диспетчерской Университета.
- студенты, проживающие в общежитии, имеют бесплатный доступ к сети Интернет через Wi-Fi.",7.09
129,Глазовский инженерно-экономический институт ИжГТУ им. М.Т. Калашникова,False,,
130,Горный университет (СПГУ),True,"
Вероятно, общежитие в этом вузе дают не всем
Информация выявлена путем опроса студентов
",5.84
131,Гос. ИРЯ им. А.С. Пушкина,True,"
Вероятно, общежитие в этом вузе дают всем желающим
Информация выявлена путем опроса студентов
",4.83
132,Губкинский филиал БГТУ им. Шухова,False,,
133,Губкинский филиал МИСиС,False,,
134,Гуманитарно-педагогическая академия КФУ им. В.И. Вернадского в г. Ялте,False,,
135,ДА МИД России,True,"
Вероятно, общежитие в этом вузе дают не всем
Информация выявлена путем опроса студентов",
136,ДВГАФК,True,,
137,ДВГИИ,True,,
138,ДВГМУ,True,,
139,ДВГУПС,True,,
140,ДВФ ФГБОУВО «РГУП»,True,,
141,ДВФУ,True,"
Вероятно, общежитие в этом вузе дают не всем
Информация выявлена путем опроса студентов

Общежития кампуса ДВФУ — это гостиничные номера жилых корпусов. Удобства в номерах, кухни — на этаже. Все иногородние первокурсники — бакалавры и специалисты —зарегистрированные за пределами Владивостокского городского округа, заселяются в кампус. В 2019 году мы зарезервировали для вас 3000+ мест.
Студенты из регионов России оплачивают проживание помесячно. Стоимость варьируется от типа номера в пределах 2700-4200 рублей/месяц. Учебный год проживания в кампусе в 2019-20 учебном году = 27-42 тыс. рублей. Это около 30% от стоимости обучения на платном месте.
По желанию в номере установят мини-холодильником, что добавит +100 руб/месяц к стоимости номера. Номер с видом на море ещё + 200 руб/месяц к стоимости.
Постельные принадлежности выдаются при заселении. Номера убираются раз в 14 дней горничными. Неисправности устраняются специалистами по заявкам, которые студенты оставляют в журнале на ресепшн. Кампус охраняет служба безопасности 24/7.
Иностранные студенты, в т.ч. из СНГ, платят за 10 месяцев проживания вперёд.",8.14
142,ДГАУ,True,,
143,ДГМУ,True,,
144,ДГТУ,False,,
145,ДГТУ,True,,
146,ДГУ,True,,
147,ДГУНХ,True,,
148,ДИТИ НИЯУ МИФИ,True,,
149,ДагГАУ им. М.М.Джамбулатова,True,,
150,Дагестанский филиал РГПУ им. Герцена ,False,,
151,ДальГАУ,True,,
152,Дальневосточный институт ВГУЮ,False,,
153,Дальневосточный институт управления РАНХиГС,False,,
154,Дальневосточный филиал ВАВТ Минэкономразвития РФ,False,,
155,Дальрыбвтуз,True,"
Студенческий городок ФГБОУ ВО «Дальрыбвтуз»:
Общий номерной фонд - 1340 мест.
Общежитие № 1— ул. Луговая, 52, тел.: (423) 244-12-98
Заведующая общежитием — Марина Николаевна Чепурнова.
Общежитие № 2 — ул. Луговая, 54, тел.: (423) 244-14-90
Заведующая общежитием — Надежда Афанасьевна Фуфыгина.
Общежитие № 3 — ул. Луговая, 56а, тел.: (423) 244-01-59
Заведующая общежитием — Елена Михайловна Швец.
Общежитие № 4 — ул. Луговая, 48, тел.: (423) 244-12-75
Заведующая общежитием — Галина Александровна Шапкина.",
156,Дзержинский политехнический институт НГТУ им. Р.Е. Алексеева,False,,
157,Дзержинский филиал ННГУ,True,,
158,Дзержинский филиал РАНХиГС,False,,
159,"Дмитровский институт непрерывного образования Университета ""Дубна""",False,,
160,Донской казачий институт пищевых технологий и бизнеса МГУТУ,False,,
161,ЕАСИ,False,,
162,ЕГТИ,True,,
163,ЕГУ им. И.А. Бунина,True,"
Вероятно, общежитие в этом вузе дают не всем
Информация выявлена путем опроса студентов",
164,"Егорьевский технологический институт ""СТАНКИН""",False,,
165,Екатеринбургский институт физической культуры УралГУФК,False,,
166,Елабужский институт КФУ,True,,
167,ЗГУ имени Н. М. Федоровского,False,,
168,ЗСФ ФГБОУВО «РГУП»,False,,
169,ЗабГУ,True,,
170,Забайкальский институт железнодорожного транспорта ИрГУПС,False,,
171,Западный филиал РАНХиГС,False,,
172,Зеленодольский институт машиностроения и информационных технологий (филиал) КНИТУ-КАИ,False,,
173,ИАТЭ НИЯУ МИФИ,True,,
174,ИВГПУ,True,,
175,ИГМА,True,,
176,ИГМУ,True,,
177,ИГУ,True,,
178,ИГХТУ,True,,
179,ИГЭУ,True,,
180,ИРНИТУ,True,"
Вероятно, общежитие в этом вузе дают не всем
Информация выявлена путем опроса студентов",
181,ИТМО,True,"
Вероятно, общежитие в этом вузе дают не всем
Информация выявлена путем опроса студентов
",8.0
182,ИФ ГУАП,False,,
183,ИвГМА,True,,
184,ИвГУ,True,,
185,Ивановский филиал РАНХиГС,False,,
186,Ивановский филиал РЭУ им. Плеханова,False,,
187,ИжГТУ им. М.Т. Калашникова,True,,
188,Ижевский институт ВГУЮ,False,,
189,ИнгГУ,True,,
190,Инженерно-технологическая академия ЮФУ,False,,
191,Инзенский филиал УлГУ,False,,
192,Институт агроэкологии ЮУрГАУ,False,,
193,Институт водного транспорта имени Г.Я. Седова ГМУ им. адм. Ф.Ф. Ушакова в г. Ростов-на-Дону  ,False,,
194,Институт морского и речного флота имени Героя Советского Союза М.П. Девятаева ВГУВТ,False,,
195,БГАУ,True,,
196,ВВГУ,True,"
Вероятно, общежитие в этом вузе дают всем желающим
Информация выявлена путем опроса студентов",
197,ВолГУ,True,,
198,ВолгГМУ,True,,
199,Дербентский филиал МПГУ,False,,
0,Омский филиал РАНХиГС,False,,
1,Омский филиал ФУ при Правительстве РФ,False,,
2,ОрГМУ,True,,
3,Оренбургский филиал РАНХиГС,False,,
4,Оренбургский филиал РЭУ им. Плеханова,False,,
5,Оренбургский филиал Университета им. Кутафина (МГЮА),False,,
6,Орловский ГАУ,True,"
Вероятно, общежитие в этом вузе дают всем желающим
Информация выявлена путем опроса студентов
",9.22
7,Орловский филиал ФУ при Правительстве РФ,False,,
8,Орский гуманитарно-технологический институт (филиал) ОГУ,True,,
9,ПВГУС,True,,
10,ПГАТУ,True,,
11,ПГГПУ,True,"
Вероятно, общежитие в этом вузе дают всем желающим
Информация выявлена путем опроса студентов",
12,ПГК им. А.К. Глазунова,True,,
13,ПГМУ им. академика Е.А. Вагнера,True,,
14,ПГНИУ,True,"
Вероятно, общежитие в этом вузе дают не всем
Информация выявлена путем опроса студентов
Цена 500-600 руб/мес.",
15,ПГТУ (Волгатех),True,,
16,ПГУ,True,,
17,ПГУ,True,,
18,ПГУ им. Шолом-Алейхема,True,,
19,ПГУПС,True,"
Вероятно, общежитие в этом вузе дают всем желающим
Информация выявлена путем опроса студентов

Всего у Университета 8 общежитий. География расположения очень удачна: общежитие № 4 находится прямо на территории Университета, еще 3 общежития в Адмиралтейском районе в пешей доступности от вуза. Несколько общежитий – целый комплекс – расположены в Петроградском районе в 5 минутах ходьбы от станции метро «Горьковская» и по соседству с Домом физической культуры ПГУПС. Общежитие № 8 находится в Пушкине — одном из красивейших пригородов Санкт-Петербурга.
Места для размещения в общежитиях предоставляются:
- иногородним, в том числе иностранным, обучающимся очной формы обучения на период обучения;
- иногородним, в том числе иностранным, обучающимся по заочной форме обучения - на период прохождения промежуточной и итоговой аттестации.
Списки обучающихся, составленные с учетом квоты свободных мест, представляются факультетами, медицинским колледжем, Отделом докторантуры и аспирантуры и Управлением международных связей в Управление жилищного фонда.
В соответствии с заявками, которые абитуриенты подают при поступлении, деканаты составляют списки для поселения в общежития и передают их в Управление жилищного фонда. Управление распределяет студентов по общежитиям, в общежитиях студенты распределяются по комнатам администрацией.
Условия для проживания в общежитиях поддерживаются на высоком уровне. Комнаты отремонтированы и оснащены необходимой мебелью. В каждом общежитии есть высокоскоростной доступ в интернет. Количество человек в комнате определяется нормой СанПиН, которая предусматривает площадь не менее 6 кв. метров на человека. Это условие строго соблюдается, поэтому в комнатах редко проживает больше 3 человек.",8.8
20,ПГУТИ,True,,
21,ПГУТИ,True,,
22,ПГФА,True,,
23,ПИЖТ УрГУПС,False,,
24,ПИМУ,True,,
25,ПМФИ (филиал) ВолгГМУ,True,,
26,ПНИПУ,True,"
Вероятно, общежитие в этом вузе дают всем желающим
Информация выявлена путем опроса студентов
В Пермском национальном исследовательском политехническом университете 8 общежитий, в которых проживают около 3500 студентов. Все общежития университета распределяются между факультетами.
Всем абитуриентам на время вступительных испытаний и студентам 1 курса очной формы обучения предоставляется место в общежитии (более 1000 мест для иногородних поступающих)!",
27,ПСПбГМУ им. И. П. Павлова,True,"
Вероятно, общежитие в этом вузе дают не всем
Информация выявлена путем опроса студентов

Oбщежития ПСПбГМУ им. акад. И.П. Павлова расположены в 3-х районах Санкт-Петербурга, способны разместить 2230 человек.
Количество мест в общежитиях для поступающих на 1 курс в 2015 году:
Для граждан РФ (поступивших на бюджет) - 286 мест (всего принято 620 человек),
Для иностранных граждан - 164 места.
Поговаривают, места в общежитии достаются только льготникам, олимпиадникам и целевикам.",5.17
28,ПФ ФГБОУВО «РГУП»,False,,
29,Павловский филиал ННГУ,True,,
30,ПензГТУ,True,,
31,Пензенский ГАУ,True,,
32,Пензенский казачий институт технологий МГУТУ,False,,
33,Пензенский филиал ФУ при Правительстве РФ,False,,
34,Пермский институт РЭУ им. Плеханова,False,,
35,Пермский филиал ВГУВТ,False,,
36,Пермский филиал РАНХиГС,False,,
37,ПетрГУ,True,,
38,Петропавловский филиал РАНХиГС,False,,
39,Поволжский ГУФКСиТ,True,,
40,Поволжский институт ВГУЮ,False,,
41,Поволжский институт управления РАНХиГС,False,,
42,Поволжский казачий институт управления и пищевых технологий МГУТУ,False,,
43,Покровский филиал МПГУ,False,,
44,Политехнический институт (филиал) УрФУ в Каменске-Уральском,False,,
45,Политехнический институт ДГТУ в г. Таганроге,False,,
46,Политехнический институт СВФУ им. М.К. Аммосова в г. Мирном,False,,
47,Приморский ГАТУ,True,,
48,Приморский филиал РАНХиГС,False,,
49,ПсковГУ,True,,
50,Пятигорский институт (филиал) СКФУ,True,,
51,РАНХиГС,True,"
Вероятно, общежитие в этом вузе дают не всем
Информация выявлена путем опроса студентов
",8.58
52,РАНХиГС Санкт-Петербург,True,"
Вероятно, общежитие в этом вузе дают не всем
Информация выявлена путем опроса студентов

Общежитие №1
Адрес: г. Санкт-Петербург, Средний пр. ВО, д. 51 (ст. метро «Василеостровская», «Спортивная»).
Количество жилых помещений: 33 комнаты.
Планировка размещения – коридорная. На каждом этаже имеются комфортабельные комнаты (двух-, трех- и четырехместные) с душем и санузлом в комнате. Каждая комната оснащена телевизором и холодильником. На втором этаже расположена мини прачечная, оборудованная стиральными машинами, гладильными досками, сушилками для белья, на третьем этаже – кухня, оборудованная электроплитами, микроволновыми печами, мебелью.
Общежитие №2
Адрес: г. Санкт-Петербург, ул. Димитрова, д. 3, корп. 3 (ст. метро «Купчино»)
Количество жилых помещений: 240 комнат
Планировка размещения – блочная (секционная). Секция включает: холл, четыре 3-местных и четыре 4-хместных комнаты, кухню, санузел, туалетные комнаты, душ. Все помещения оборудованы мебелью. На чётных этажах в секции расположены комнаты для занятий. На первом этаже расположены актовый и тренажерный залы. Во всем общежитии проведен Wi-Fi.",6.67
53,РГАИС,True,,
54,РГАТУ им. П.А. Костычева,True,,
55,РГАТУ им. П.А. Соловьева,True,,
56,РГАУ-МСХА имени К. А. Тимирязева,True,"
Вероятно, общежитие в этом вузе дают всем желающим
Информация выявлена путем опроса студентов
",7.33
57,РГГМУ,True,"
Вероятно, общежитие в этом вузе дают всем желающим
Информация выявлена путем опроса студентов
",7.6
58,РГГУ,True,"
Вероятно, общежитие в этом вузе дают не всем
Информация выявлена путем опроса студентов
",5.0
59,РГК им. С.В. Рахманинова,True,,
60,РГППУ,True,,
61,РГПУ им. Герцена,True,"
Вероятно, общежитие в этом вузе дают не всем
Информация выявлена путем опроса студентов

Адреса и количество мест в общежитиях:
1. Лиговский пр., д. 275 (аспирантское  общежитие) -	 240 мест
2. Пр. Стачек, д. 30	                                                            -     190 мест
3. Новоизмайловский пр., д.5	                                      -   90 мест
4. Наб. р. Мойки, 48, кор. 7	                                                - 65 мест
5. Ул. Казанская, д. 6                                                                  - 68 мест
6. Новоизмайловский, д. 16 (МСГ)	                                - 1350 мест
Университет гарантирует поселение в общежитие только студентам льготной категории:
-студенты - сироты  и  оставшиеся  без  попечения  родителей;
-студенты – инвалиды 1-2 группы  и  инвалиды  с  детства;
-студенты целевого набора из регионов крайнего Севера, Сибири, Дальнего Востока;
-студенты, зачисленные на обучение по направлению Министерства образования и науки РФ;
-студенты, зачисленные на 1 курс, являющиеся победителями и призерами заключительного этапа Всероссийской олимпиады школьников (в течение 4 лет, следующих за годом проведения соответствующей олимпиады); олимпиад школьников I, II и III уровней, проводимых в порядке, устанавливаемом федеральным органом исполнительной власти, осуществляющим функции по выработке государственной политики и нормативно-правовому регулированию в сфере образования (в течение 4 лет, следующих за годом проведения соответствующей олимпиады);
-студенты,  указанные  в  части  5  статьи  36 Федерального  закона № 273-ФЗ «Об  образовании  Российской  Федерации» другие  категории  студентов  при  наличии  свободных  мест
Основание:  Приказ  №  4335  от  20.06.2016 г.  «О  поселении  иногородних  студентов  в  общежитие»
• Прочим  категориям   студентов (обучающимся  на  бюджетной  основе) места  предоставляются  по  мере  освобождения,  в  течении  всего  учебного  года;
• Очередь прочей не льготной  категории студентов формируется на каждом факультете отдельно;
• Заявления  о  постановке  на  очередь  для  поселения  в  общежитие  подаются  на  имя  декана  факультета  в  произвольной  форме.",7.36
62,РГРТУ,True,"
Вероятно, общежитие в этом вузе дают всем желающим
Информация выявлена путем опроса студентов
",9.83
63,РГСУ,True,"
Вероятно, общежитие в этом вузе дают всем желающим
Информация выявлена путем опроса студентов
",7.74
64,РГУ им. А.Н. Косыгина,True,"
Вероятно, общежитие в этом вузе дают всем желающим
Информация выявлена путем опроса студентов

В составе Студенческого городка Университета - 5 общежитий на 2926 койко-мест.
ОБЩЕЖИТИЕ №1
г. Москва, ул. Медынская, д. 8, кор. 3
16-и этажное здание блочного типа. Введено в эксплуатацию в 1991 г. Рассчитано на 900 мест. В блоке две комнаты - двухместная и трехместная, раздельный санузел. На этажах имеется по две кухни, мусоропровод.
ОБЩЕЖИТИЕ №2
г. Москва, ул. Орджоникидзе, д. 13 (10-13 этажи)
15-и этажное здание блочного типа введено в эксплуатацию в 1967 г. Рассчитано на 256 мест. В блоке две комнаты - двухместная и трехместная, раздельный санузел. На каждом этаже имеется кухня, мусоропровод.
ОБЩЕЖИТИЕ №3
г. Москва, ул. Донская, д. 39
8-и этажное здание блочного типа. Введено в эксплуатацию в 1987 г. Рассчитано на 500 мест. В блоке две комнаты - двухместная и трехместная, раздельный санузел. На этажах имеются кухни, мусоропровод.
ОБЩЕЖИТИЕ №4
г. Москва, ул. Стасовой, д. 10
5-и этажное здание коридорного типа. Введено в эксплуатацию в 1936 г. Рассчитано на 320 мест. На каждом этаже двух и трехместные комнаты, кухня, санузлы и душевые комнаты.
ОБЩЕЖИТИЕ №5
г. Москва, пр-т 60 лет Октября, д. 13
15-и этажное здание общежитие блочного типа введено в эксплуатацию в 1974 г. Рассчитано на 950 мест г. В блоке две комнаты - двухместная и трехместная, раздельный санузел. На каждом этаже имеется кухня, мусоропровод.",6.67
65,РГУ им. С.А. Есенина,True,,
66,РГУ нефти и газа (НИУ) имени И. М. Губкина,True,"
Вероятно, общежитие в этом вузе дают не всем
Информация выявлена путем опроса студентов
",5.82
67,РГУП,False,,
68,РГУПС,True,,
69,РГУТИС,True,"
Вероятно, общежитие в этом вузе дают всем желающим
Информация выявлена путем опроса студентов

Общежития располагаются на территории живописного университетского кампуса в 5-минутной доступности от учебных корпусов. Мы предоставляем общежитие всем студентам очной формы обучения!",4.91
70,РГХПУ им. С.Г. Строганова,True,,
71,РГЭУ (РИНХ),True,"
Вероятно, общежитие в этом вузе дают не всем
Информация выявлена путем опроса студентов
Адреса общежитий:
г. Ростов-на-Дону ул. 2-я Краснодарская, 113/1
г. Ростов-на-Дону пер. Гвардейский, 6",
72,РНИМУ им. Пирогова,True,"
Вероятно, общежитие в этом вузе дают не всем
Информация выявлена путем опроса студентов
",5.67
73,РОСБИОТЕХ,True,"
Вероятно, общежитие в этом вузе дают всем желающим
Информация выявлена путем опроса студентов

Ежегодно все первокурсники РОСБИОТЕХа обеспечиваются комнатами в общежитиях ВУЗа.
Студгородок РОСБИОТЕХа включает в себя 5 корпусов общежитий, размещенных на двух площадках: метро Сокол, метро Печатники. Общежития имеют 600 мест для поселения студентов 1-го курса.
Общежитие №2 - коридорного типа (адрес ул. Панфилова, д.18, корп.2)
Общежитие №3 - коридорного типа (адрес ул. Панфилова, д.18, корп.3)
Общежитие №4 - блочного типа (адрес ул. Панфилова, д.16)
Общежитие №5 - блочного типа (адрес ул. Полбина, д.35, корп.1)
Общежитие №6 - блочного типа (адрес ул. Полбина, д.35, корп.2)
Студенты, проживающие в общежитии, имеют бесплатный доступ к сети Интернет через Wi-Fi.",6.71
74,РТА,False,,
75,РТУ МИРЭА,True,"
Вероятно, общежитие в этом вузе дают не всем
Информация выявлена путем опроса студентов

В комплекс зданий Студенческого городка Федерального государственного образовательного бюджетного учреждения высшего образования «Московский технологический университет» входят ниже перечисленные студенческие общежития, предназначенные для проживания иногородних студентов, аспирантов, докторантов, стажеров.
Общежитие № 1, расположенное по адресу: г. Москва, проспект Вернадского, дом 86, стр.1 (ближайшая станция метро: Юго-Западная).
Жилая площадь общежития — 8 359,0 м2.
Общее количество мест в общежитии — 1 320.
Общежитие представляет собой 14-этажное панельное здание.
Общежитие располагает двух- и трёхместными комнатами со всеми удобствами (душевая, туалет). Кухни расположены отдельно на каждом этаже. В холле 1-го этажа работает кафе.
В общежитии есть читальные залы, чертёжная комната, комната отдыха, библиотека, камера хранения, гладильная, изолятор и другое. К услугам студентов, проживающих в общежитии, изостудия, хоровая студия, занятия танцами и аэробикой. Около здания общежития разбиты клумбы, посажены деревья.
Для обучающихся оборудованы парковка для велосипедов и баскетбольная площадка.
Общежитие № 2, расположенное по адресу: г. Москва, Мичуринский проспект, д. 12, корпус 2 (ближайшие станции метро: Университет, Проспект Вернадского).
Жилая площадь общежития — 2 400 м2.
Общее количество мест в общежитии — 297.
Общежитие представляет собой 5-этажное здание квартирного типа.
В общежитии созданы все условия для комфортного проживания и подготовки к учебным занятиям, для занятий спортом, отдыха и досуга.
Имеется библиотека, компьютерный класс (с доступом в Интернет), тренажерный зал, а также столовая, прачечные, камера хранения и лечебный изолятор.
Общежитие № 3, расположенное по адресу: г. Москва, ул. Студенческая, дом 33, корп. 3. (ближайшая станция метро: Студенческая).
Жилая площадь общежития — 2 681,0 м2.
Общее количество мест в общежитии — 290.
Общежитие № 4, расположенное по адресу: г. Москва, ул. Студенческая, дом 33, корп. 4. (ближайшая станция метро: Студенческая).
Жилая площадь общежития — 2 690,0 м2.
Общее количество мест в общежитии — 290.
Оба общежития представляют собой 6-этажные здания коридорного типа и располагают комнатами на два, три человека.
На всех этажах оборудованы душевые и туалеты. Кухни расположены отдельно на каждом этаже.
В общежитиях есть комнаты для занятий c бесплатным Wi-Fi для обучающихся, комната отдыха, тренажерный зал, комната для занятий танцами и гимнастикой, постирочная.
Общежития в течение нескольких лет являются победителями смотров-конкурсов общежитий г. Москвы и окружных конкурсов и имеют 10 дипломов и грамот, ценные подарки (видеокамера, телевизор, спортивные тренажеры, и другие) за победу общежитий в различных номинациях.
Общежитие № 5, расположенное по адресу: г. Москва, ул. 11-я Парковая, д.36 (ближайшая станция метро: Первомайская).
Жилая площадь общежития — 6 433,1 м2.
Общее количество мест в общежитии — 1100.
Общежитие блочного типа – раздельные комнаты, расположенные блоками (по 2 комнаты) с отдельным санитарным узлом и душевой комнатой. Кухня на этаже.
На территории общежития имеются: комната отдыха; комната для самостоятельных занятий; спортивный и тренажерный зал; камера хранения; постирочная комната; гладильная комната; буфет и столовая; комната для размещения родителей; спортивная площадка; поле для мини-футбола.
Общежитие № 6, расположенное по адресу: г. Москва, ул. Нарвская, д. 12 (ближайшая станция метро: Водный стадион).
Жилая площадь общежития — 3 775,9 м2.
Общее количество мест в общежитии — 300.
Общежитие представляет собой 9-этажное здание коридорного типа. Душевые комнаты и санузлы находятся на этаже. Кухня на этаже.
В целях обеспечения безопасности студентов в общежитиях действует пропускной режим, ведётся круглосуточное видеонаблюдение.
В общежитиях есть автоматическая пожарная сигнализация.
Все помещения оснащены огнетушителями.
Установлена система дымоудаления нового образца.
Проход на территорию общежитий осуществляется по пропускам.",6.0
76,РУДН,True,"
Вероятно, общежитие в этом вузе дают не всем
Информация выявлена путем опроса студентов
",7.98
77,РУС «ГЦОЛИФК» ,True,"
Вероятно, общежитие в этом вузе дают не всем
Информация выявлена путем опроса студентов",
78,РУТ (МИИТ),True,"
Вероятно, общежитие в этом вузе дают всем желающим
Информация выявлена путем опроса студентов",
79,РФ ФГБОУВО «РГУП»,False,,
80,РХТУ им. Д. И. Менделеева,True,"
Вероятно, общежитие в этом вузе дают всем желающим
Информация выявлена путем опроса студентов

Студенческий городок РХТУ им. Д.И. Менделеева расположен в Северо-западном административном округе г. Москвы по адресу:
ул. Вилиса Лациса, дом № 19, корп.1; дом № 21, корп.1; дом № 23, корп.1 и дом № 21, корп.2.
Проезд до станции метро “Планерная”, далее автобусами №. 88, 88-к, 96, 896 до остановки “Поликлиника №97”.
В состав студенческого городка входят три жилых корпуса и культурно-спортивный комплекс (КСК)
В общежитии по адресу: ул. Вилиса Лациса 23, корп.1 проживают студенты факультетов: ХФТ, ФБПЭ, ТНВиВМ, НПМ, ВХК РАН, ИПУР.
В общежитии по адресу: ул. Вилиса Лациса 21, корп.1 проживают студенты факультетов: ЦиТХиН, ТНВиВМ.
В общежитии по адресу: ул. Вилиса Лациса 19, корп.1 проживают студенты факультетов и институтов: ИМСЭН-ИФХ, ИХТ, ИЭМ, ФЕН.
Все иногородние студенты обеспечены местами в общежитиях.
Количество мест - 500 мест
Коммунальные услуги по водо- тепло- и энергоснабжению предоставляются в полном объеме.
Все проживающие обеспечиваются постельным бельем, смена которого производится каждые 10 дней.
В  студгородке имеются столовая, где студенты могут пообедать.
Каждая комната в общежитиях имеет доступ к локальной компьютерной сети с выходом в Интернет.
В студенческом городке имеются:
спортивный и тренажерный залы;
камеры хранения;
библиотека;
комнаты для размещения родителей студентов;
санаторий-профилакторий;
актовый зал.",6.0
81,РЭУ им. Г.В. Плеханова,True,"
Вероятно, общежитие в этом вузе дают не всем
Информация выявлена путем опроса студентов

РЭУ имени Г. В. Плеханова располагает тремя благоустроенными студенческими общежитиями, которые предоставляются иногородним студентам в соответствии с Положением о студенческом общежитии Федерального государственного бюджетного образовательного учреждения высшего образования «Российский экономический университет имени Г. В. Плеханова».
1. Общежитие около станций метро Серпуховская, Павелецкая, Добрынинская. Стремянный пер., 36
2. Общежитие около станций метро Тимирязевская, Петровско-Разумовская, Дмитровская, Владыкино. Ул. Ботаническая, 11
3. Общежитие около станции метро Славянский бульвар. Ул. Нежинская, 7 корп.1",7.53
82,РЭШ,True,"
Общежитие РЭШ расположено на арендуемых площадях общежития Академии труда и социальных отношений (АТиСО). Адрес: 115162 г. Москва, ул. Люсиновская, 72 (м. Тульская).",
83,РостГМУ,True,,
84,Ростовский институт ВГУЮ,False,,
85,Ростовский филиал МГТУ ГА,False,,
86,Ростовский филиал РТА,False,,
87,Ростовский-на-Дону филиал ВГИК ,False,,
88,Рубцовский индустриальный институт АлтГТУ им. И.И. Ползунова,False,,
89,Рубцовский институт АлтГУ,False,,
90,Рузаевский институт машиностроения (филиал) МГУ имени Н.П. Огарева,True,,
91,РязГМУ им. И.П. Павлова,True,,
92,Рязанский институт Московского политеха,False,,
93,С-КФ МАДИ,True,,
94,САФУ им. М.В. Ломоносова,True,,
95,СВГУ,True,,
96,СВФУ им. Аммосова,True,,
97,СГАУ им. Н.И. Вавилова,True,,
98,СГИИ,True,,
99,СГИК,True,,
100,СГК им. Л. В. Собинова,True,,
101,СГМУ,True,,
102,СГМУ им. В.И. Разумовского,True,,
103,СГПИ,True,,
104,СГПИ филиал ПГНИУ,False,,
105,СГСПУ,True,,
106,СГТУ им. Ю.А. Гагарина,True,,
107,СГУ,True,"
Вероятно, общежитие в этом вузе дают не всем
Информация выявлена путем опроса студентов",
108,СГУ им. Н. Г. Чернышевского,True,"
Вероятно, общежитие в этом вузе дают не всем
Информация выявлена путем опроса студентов",
109,СГУ им. Питирима Сорокина,True,"
8 студенческих общежитий объединены в Студенческий городок СГУ им. Питирима Сорокина.
В фонде студенческого городка 1390 комнат, которые способны вместить более 2,5 тысяч человек.
Общежития предоставляются преимущественно студентам очной формы обучения. При наличии свободных мест, места в общежитии предоставляются и студентам-заочникам.
На территории общежитий расположены зоны комфорта, спортивные залы, читальные залы.",
110,СГУВТ,True,,
111,СГУГиТ,True,,
112,СГУПС,True,,
113,СГУС,True,,
114,СГЭУ,True,,
115,СГЮА,True,,
116,СЗГМУ им. И.И. Мечникова,True,"
Вероятно, общежитие в этом вузе дают всем желающим
Информация выявлена путем опроса студентов
",6.25
117,СЗФ ФГБОУВО «РГУП»,False,,
118,СКГМИ (ГТУ),True,,
119,СКФ МТУСИ,False,,
120,СКФ ФГБОУВО «РГУП»,False,,
121,СКФУ,False,,
122,СОГМА,True,,
123,СОГПИ,True,,
124,СОГУ,True,,
125,СОФ МГРИ,False,,
126,СПХФУ,True,,
127,СПбГАСУ,True,"
Вероятно, общежитие в этом вузе дают всем желающим
Информация выявлена путем опроса студентов
",5.75
128,СПбГИК,True,"
Вероятно, общежитие в этом вузе дают всем желающим
Информация выявлена путем опроса студентов
",4.8
129,СПбГИПСР,False,,
130,СПбГЛТУ им. С.М. Кирова,True,,
131,СПбГМТУ,True,"
Вероятно, общежитие в этом вузе дают всем желающим
Информация выявлена путем опроса студентов
",9.0
132,СПбГПМУ,True,"
Вероятно, общежитие в этом вузе дают не всем
Информация выявлена путем опроса студентов",
133,СПбГТИ(ТУ),True,"
Вероятно, общежитие в этом вузе дают всем желающим
Информация выявлена путем опроса студентов
",3.0
134,СПбГУ,True,"
Вероятно, общежитие в этом вузе дают всем желающим
Информация выявлена путем опроса студентов
",5.58
135,СПбГУВМ,True,,
136,СПбГУГА,True,"
Вероятно, общежитие в этом вузе дают всем желающим
Информация выявлена путем опроса студентов",
137,СПбГУПТД,True,"
",3.0
138,СПбГУТ,True,"
Вероятно, общежитие в этом вузе дают не всем
Информация выявлена путем опроса студентов

В 2022 году оформление заселения в общежития происходит через сервис «Личный кабинет» без посещения университета.
Университет предоставляет места для проживания в общежитиях иногородним студентам очной формы обучения, нуждающимся в жилой площади, с учетом имеющегося жилищного фонда. Размещение студентов осуществляется в 6 общежитиях университета (4 университет и 2 колледж).
Со стоимостью проживания, правилами внутреннего распорядка и проживания в общежитиях, расположением общежитий и другой полезной для заселения информацией вы можете ознакомиться на сайте СПбГУТ в разделе «Студенческий городок».
В первоочередном порядке (ч. 2 ст. 39 Федерального закона от 29.12.2012 № 273-ФЗ «Об образовании в Российской Федерации») места в общежитии предоставляются следующим категориям из числа обучающихся:
- детям-сиротам и детям, оставшимся без попечения родителей;
- детям-инвалидам, инвалидам I и II групп, инвалидам с детства;
- лицам, подвергшимся воздействию радиации вследствие катастрофы на Чернобыльской АЭС и иных радиационных катастроф, вследствие ядерных испытаний на Семипалатинском полигоне;
- лицам, являющимся инвалидами вследствие военной травмы, ветеранами боевых действий;
- студентам, получившим государственную социальную помощь.",6.33
139,СПбГЭТУ «ЛЭТИ»,True,"

Общежитие № 1
Адрес: 194100, Санкт-Петербург, 1-й Муринский пр., д. 1 (ст. м. «Лесная»)
Телефон: +7 (812) 295-07-78
Заведующая: Михайлова Лариса Викторовна
Транспорт: ст. метро Лесная или троллейбус, маршрутка от остановки «Пр. Попова» (угол ул.проф.Попова и пр.Медиков) по пр. Медиков до Большого Самсониевского проспекта.
Общежитие № 2
Адрес: 194100, Санкт-Петербург, 1-й Муринский пр., д. 1 (ст. м. «Лесная»)
Телефон: +7 (812) 295-85-23
Заведующая: Чижко Раиса Владимировна
Транспорт: ст. метро Лесная или троллейбус, маршрутка от остановки «Пр. Попова» (угол ул.проф.Попова и пр.Медиков) по пр. Медиков до Большого Самсониевского проспекта.
Общежитие № 3
Адрес: 194100, Санкт-Петербург, 1-й Муринский пр., д. 1 (ст. м. «Лесная»)
Телефон: +7 (812) 295-24-55
Заведующая: Лобанова Елена Николаевна
Транспорт: ст. метро Лесная или троллейбус, маршрутка от остановки «Пр. Попова» (угол ул.проф.Попова и пр.Медиков) по пр. Медиков до Большого Самсониевского проспекта.
Общежитие № 4
Адрес: 194100, Санкт-Петербург, Студенческая ул., д. 3 (ст. м. «Лесная»)
Телефон: +7 (812) 295-42-30
Заведующая: Толстых Елена Александровна
Транспорт:
вар.1. - Ст. метро «Лесная»;
вар.2. - Троллейбус, маршрутка от остановки «Пр. Попова» (угол ул.проф.Попова и пр.Медиков) по пр. Медиков до Большого Самсониевского проспекта.
Общежитие № 6
Адрес: 197022, Санкт-Петербург, наб. реки Карповки, д. 34 (ст. м. «Петроградская»)
Телефон: +7 (812) 346-37-85
Заведующая:  Куваева Наталья Леонидовна
Транспорт: ст. м. «Петроградская», далее 15 минут пешком.
Общежитие № 7
Адрес: 197227, Санкт-Петербург, пр. Испытателей, д. 10 (ст. м. «Пионерская»)
Телефон: +7 (812) 393-93-56
Заведующая: Синицкая Нина Алексеевна
Транспорт: ст. м. «Пионерская», далее 15 минут пешком по пр.Испытателей в сторону Серебристого бульвара.
Общежитие № 8
Адрес: 197343, Санкт-Петербург, Торжковская ул., д. 15 (ст. м. «Черная речка»)
Телефон: +7 (812) 492-05-30
Заведующая: Пиманова Елена Васильевна
Транспорт: ст. м. «Черная речка», далее 15 минут пешком по ул.Торжковской в сторону большого Сампсониевского пр.
Арендованные университетом общежития
Общежития Межвузовского студенческого городка
Адрес: 196128, Санкт-Петербург, Новоизмайловский пр., д. 16 (ст. м. «Парк Победы»)
Куратор: Заворина Нина Николаевна +7 (812) 234-05-71
Транспорт: ст. м. «Парк Победы», далее 15 мин. пешком в сторону ул.Варшавской.
Общежитие № 10
Адрес: 194100, Санкт-Петербург, ул.Корабельная, дом 6 (ст. м. «Кировский завод»)
Транспорт: вар1-Ближайшая станция метро - &amp;quot; Кировский завод&amp;quot;. От ст.метро 15 минут пешком.
вар.2-Трамвай 52, 60, 56 от м.Автово до остановки «Северная Верфь» (конечная)
Телефон: +7 (812) 740-59-28
Комендант: Царева Елизавета Олеговна
Общежитие автотранспортного и электромеханического колледжа
Адрес: улица Кузнецовская, д. 9, корпус 3, литер А
Транспорт: ст. м. «Парк Победы», 15 минут пешком",6.0
140,СПбГЭУ,True,"
Вероятно, общежитие в этом вузе дают всем желающим
Информация выявлена путем опроса студентов

С общежитиями у университета бед вроде нет. Их много, а также можно поселиться в межвузовском студгородке. Места предоставляют иногородним студентам: и бюджетниками, и платникам. Стоимость за месяц варьируется от общежития от 800 рублей до 5000 рублей. Вся информация предоставлена в открытом доступе на сайте университета, что очень удобно.
Стипендия является как стандартной (в зависимости от того, как закрываешь сессии) от 1350 до 1700, примерно, так и повышенной для льготных категорий от 8000 до 14000 рублей.",6.0
141,СПбПУ Петра Великого,True,"
Вероятно, общежитие в этом вузе дают не всем
Информация выявлена путем опроса студентов
",5.73
142,СТИ НИЯУ МИФИ,True,,
143,СФТИ НИЯУ МИФИ,True,,
144,СФУ,True,"
Вероятно, общежитие в этом вузе дают не всем
Информация выявлена путем опроса студентов
",6.91
145,СамГМУ,True,"
Вероятно, общежитие в этом вузе дают не всем
Информация выявлена путем опроса студентов",
146,СамГТУ,True,,
147,СамГУПС,True,,
148,Самарский ГАУ,True,,
149,Самарский университет (СНИУ),True,"
Вероятно, общежитие в этом вузе дают не всем
Информация выявлена путем опроса студентов",
150,Самарский филиал ВГУВТ,False,,
151,Самарский филиал МГПУ,False,,
152,Санкт-Петербургский инсититут ВГУЮ,False,,
153,Санкт-Петербургский филиал РТА,False,,
154,Санкт-Петербургский филиал ФУ при Правительстве РФ,False,,
155,СарФТИ НИЯУ МИФИ,True,,
156,Сарапульский политехнический институт ИжГТУ им. М.Т. Калашникова,False,,
157,СахГУ,True,,
158,Себряковский филиал ВолгГТУ,False,,
159,СевГУ,True,"
Вероятно, общежитие в этом вузе дают не всем
Информация выявлена путем опроса студентов
",7.5
160,Севастопольский филиал РЭУ им. Плеханова,False,,
161,Северный институт ВГУЮ,False,,
162,Северо-Западный филиал Университета им. Кутафина (МГЮА),False,,
163,Северо-Кавказский институт ВГУЮ,False,,
164,Северо-Кавказский институт РАНХиГС,False,,
165,Северо-Кавказский филиал БГТУ им. Шухова,False,,
166,Сергиево-Посадский филиал ВГИК,False,,
167,СибАДИ,True,,
168,СибГИУ,True,,
169,СибГМУ,True,,
170,СибГУ им. М.Ф. Решетнева,True,,
171,СибГУТИ,True,,
172,СибГУФК,True,,
173,Сибирский институт управления РАНХиГС,False,,
174,Сибирский казачий институт технологий и управления МГУТУ,False,,
175,СмолГМУ,True,,
176,СмолГУ,True,,
177,Смоленская ГСХА,True,,
178,Смоленский казачий институт промышленных технологий и бизнеса МГУТУ,False,,
179,Смоленский филиал РАНХиГС,False,,
180,Смоленский филиал РЭУ им. Плеханова,False,,
181,Смоленский филиал ФУ при Правительстве РФ,False,,
182,Сочинский институт ВГУЮ,False,,
183,Сочинский институт РУДН,False,,
184,Средне-Волжский институт ВГУЮ,False,,
185,Среднерусский институт управления РАНХиГС,False,,
186,СтГАУ,True,"
Вероятно, общежитие в этом вузе дают всем желающим
Информация выявлена путем опроса студентов

Всем известно, что общежитие – это второй дом для студента на время обучения в университете, именно поэтому там должно быть комфортно абсолютно каждому жителю. Наши студенты проживают в комфортных, теплых, светлых и уютных комнатах, оснащенных высокоскоростным доступом в интернет. Для обеспечения студентов, магистрантов и аспирантов жильем в 2016 году открыто новое 11-ти этажное общежитие с благоустроенным комплексом.",5.67
187,СтГМУ,False,,
188,Ставропольский филиал МПГУ,False,,
189,Ставропольский филиал РАНХиГС,False,,
190,Старооскольский технологический институт им. А.А. Угарова МИСИС,False,,
191,Старооскольский филиал БелГУ,False,,
192,Ступинский филиал МАИ,False,,
193,СурГПУ,True,,
194,СурГУ,True,,
195,Сызранский филиал СГЭУ,False,,
196,Сыктывкарский лесной институт - филиал СПбГЛТУ им. Кирова,False,,
197,ТГАСУ,True,,
198,ТГИК,False,,
199,ТГМПИ им. С.В. Рахманинова,True,,
0,ТГМУ,True,"
Вероятно, общежитие в этом вузе дают не всем
Информация выявлена путем опроса студентов",
1,ТГПУ,True,,
2,ТГПУ им. Л.Н. Толстого,True,,
3,ТГСХА,True,,
4,ТГТУ,True,,
5,ТГУ,True,"
Вероятно, общежитие в этом вузе дают всем желающим
Информация выявлена путем опроса студентов
",8.17
6,ТГУ им. Г.Р. Державина,True,,
7,ТИ НИЯУ МИФИ,True,,
8,ТИУ,True,,
9,ТОГУ,True,,
10,ТПУ,True,"
Вероятно, общежитие в этом вузе дают всем желающим
Информация выявлена путем опроса студентов
",7.0
11,ТТИ НИЯУ МИФИ,True,,
12,ТУСУР,True,,
13,Тамбовский филиал МичГАУ,False,,
14,Тамбовский филиал РАНХиГС,False,,
15,ТвГТУ,True,,
16,ТвГУ,True,"
Вероятно, общежитие в этом вузе дают всем желающим
Информация выявлена путем опроса студентов
",7.25
17,Тверской ГМУ,True,,
18,Тверской филиал РАНХиГС,False,,
19,Технический институт СВФУ им. М.К. Аммосова в г. Нерюнгри,False,,
20,Технический институт Ульяновского ГАУ,False,,
21,Технологический институт ДГТУ в г. Азове,False,,
22,Технологический институт сервиса ДГТУ в г. Ставрополе,False,,
23,ТлттГУ,False,,
24,Тобольский индустриальный институт (филиал) ТИУ,True,,
25,Тобольский педагогический институт им. Д.И. Менделеева ТюмГУ,False,,
26,Троицкий филиал ЧелГУ,False,,
27,ТувГУ,True,,
28,ТулГУ,True,"
Вероятно, общежитие в этом вузе дают всем желающим
Информация выявлена путем опроса студентов",
29,Тульский институт ВГУЮ,False,,
30,Тульский филиал РЭУ им. Плеханова,False,,
31,Тульский филиал ФУ при Правительстве РФ,False,,
32,Тутаевский филиал РГАТУ им. П.А. Соловьева,False,,
33,Тучковский филиал Московского политеха,False,,
34,ТюмГУ,True,"
Вероятно, общежитие в этом вузе дают не всем
Информация выявлена путем опроса студентов
",5.0
35,Тюменский ГМУ,True,,
36,УГАТУ,True,,
37,УГГУ,True,,
38,УГК им. Мусоргского,True,,
39,УГЛТУ,True,,
40,УГМУ,True,,
41,УГНТУ,True,"
Общежития студенческого городка оснащены спортивными и тренажерными залами, камерами хранения, актовыми залами, комнатами для занятий, прачечными с бытовыми стиральными машинами. На территории студенческого городка функционируют столовые, буфеты, душевой павильон. В шаговой доступности от общежитий располагаются учебные корпуса, стадион и спортивные комплексы.
Студенческий городок УГНТУ получил высокую оценку, неоднократно признавался лучшим на республиканском конкурсе «На лучшую организацию воспитательной работы и социально-бытовых условий проживания студентов в общежитиях».
https://new.rusoil.net/page/studencheskiy-gorodok-i-socialnaya-infrastruktura-ugntu",
42,УГТУ,True,"
Вероятно, общежитие в этом вузе дают всем желающим
Информация выявлена путем опроса студентов",
43,УИ ГА,True,,
44,УП РФ,True,,
45,УУНиТ,True,"
Вероятно, общежитие в этом вузе дают не всем
Информация выявлена путем опроса студентов",
46,УФ ФГБОУВО «РГУП»,True,,
47,УдГАУ,True,,
48,УдГУ,True,"
Вероятно, общежитие в этом вузе дают всем желающим
Информация выявлена путем опроса студентов",
49,УлГПУ им. И.Н. Ульянова,True,"
Вероятно, общежитие в этом вузе дают всем желающим
Информация выявлена путем опроса студентов",
50,УлГТУ,True,,
51,УлГУ,True,"
Вероятно, общежитие в этом вузе дают всем желающим
Информация выявлена путем опроса студентов",
52,Ульяновский ГАУ им. П.А. Столыпина,True,,
53,Ульяновский филиал РАНХиГС,False,,
54,Университет «Дубна»,True,"
Вероятно, общежитие в этом вузе дают не всем
Информация выявлена путем опроса студентов

Номерной фонд общежитий, в которых университет «Дубна» предоставляет места студентам и аспирантам, насчитывает 1409 мест. Сейчас в общежитиях проживает более 600 студентов младших курсов и более 800 студентов старших курсов.
В каждом общежитии созданы условия для проживания студентов, их учебы и отдыха. 2-3-4 местные комнаты оснащены необходимой мебелью и доступом в интернет. На территории общежитий строго соблюдается чистота и порядок, а для обеспечения безопасности работает контрольно-пропускная система. Вокруг общежитий сформирована развитая внешняя инфраструктура с продуктовыми и продовольственными магазинами, спортивными объектами, банкоматами, кафе и столовыми, аптеками, парикмахерскими и удобным транспортным сообщением.",7.83
55,Университет МИСИС,True,"
Вероятно, общежитие в этом вузе дают всем желающим
Информация выявлена путем опроса студентов

Общежития — гордость Университета МИСИС. Здесь есть все необходимое для продуктивной учебы и комфортного отдыха: высокоскоростной интернет, компьютерные классы и читальный зал. В студгородках — развитая инфраструктура: бассейн, спорткомплекс, парикмахерская, кафе и столовая, автономная котельная и прачечная. И, конечно, веселая студенческая жизнь.
Студенческий городок «Металлург» — это четыре 16-этажных здания, находящихся в 15 минутах езды на метро от учебных корпусов (ст.м. Беляево).
Студенческий городок «Горняк» — это два 15-этажных здания, располагающихся в 5 минутах езды на метро от учебных корпусов (ст.м. Ленинский проспект).
«Дом-коммуна» — это не просто общежитие, а еще и памятник архитектуры эпохи конструктивизма, реконструкция которого завершилась в 2013 году. Располагается в 5 минутах езды на метро от учебных корпусов (ст.м. Ленинский проспект).",7.14
56,УрГАХУ,True,,
57,УрГПУ,True,"
Вероятно, общежитие в этом вузе дают не всем
Информация выявлена путем опроса студентов
Общежития университета – это:
•	Более 2000 мест для проживания иногородних обучающихся;
•	Расположение в шаговой доступности от учебных корпусов;
•	Размещение от двух до четырех человек в комнате;
•	Заселение обучающихся на бюджете и по договорам на равных условиях;
•	Комнаты для самостоятельных занятий, кинозалы и спортивные залы, прачечные;
•	Тьюторство и студенческое самоуправление;
•	пропускной режим и студенческий отряд охраны правопорядка;
•	примерная стоимость проживания для обучающихся – 700 рублей в месяц.",
58,УрГУПС,True,,
59,УрГЭУ,True,,
60,УрГЮУ имени В.Ф. Яковлева,True,"
Вероятно, общежитие в этом вузе дают не всем
Информация выявлена путем опроса студентов",
61,УрТИСИ СибГУТИ,False,,
62,УрФУ,True,"
Вероятно, общежитие в этом вузе дают не всем
Информация выявлена путем опроса студентов
",6.79
63,УралГУФК,True,,
64,Уральский ГАУ,True,,
65,Уральский институт управления РАНХиГС,False,,
66,Уральский филиал ФУ при Правительстве РФ,False,,
67,Уфимский филиал ФУ при Правительстве РФ,False,,
68,ФУ при Правительстве РФ,True,"
Вероятно, общежитие в этом вузе дают не всем
Информация выявлена путем опроса студентов
",5.91
69,"Филиал ""Котельники"" Университета ""Дубна""",False,,
70,"Филиал ""Протвино"" Университета ""Дубна""",False,,
71,Филиал «Взлёт» МАИ,False,,
72,Филиал «Стрела» МАИ,False,,
73,Филиал АГУ в г. Белореченске,False,,
74,Филиал АлтГУ в г. Белокурихе,False,,
75,Филиал АлтГУ в г. Бийске,False,,
76,Филиал БГУ в г. Усть-Илимск,False,,
77,Филиал ВВГУ в г. Уссурийске,False,,
78,Филиал ВГТУ в г. Борисоглебске,False,,
79,Филиал ГГПИ в г. Ижевске,False,,
80,Филиал ДГТУ в г. Дербенте,True,,
81,Филиал ДГТУ в г. Каспийске,False,,
82,Филиал ДГТУ в г. Кизляре,False,,
83,Филиал ДГУ в г. Дербенте,False,,
84,Филиал ДГУ в г. Избербаше,False,,
85,Филиал ДГУ в г. Кизляре,False,,
86,Филиал ДГУ в г. Хасавюрте,False,,
87,Филиал КГМТУ в г. Феодосия,False,,
88,Филиал КубГУ в г. Армавире,False,,
89,Филиал КубГУ в г. Геленджике,False,,
90,Филиал КубГУ в г. Новороссийске,False,,
91,Филиал КубГУ в г. Славянске-на-Кубани,True,,
92,Филиал КубГУ в г. Тихорецке,False,,
93,Филиал КузГТУ им. Т.Ф. Горбачева в г. Белово,False,,
94,Филиал КузГТУ им. Т.Ф. Горбачева в г. Междуреченске,False,,
95,Филиал КузГТУ им. Т.Ф. Горбачева в г. Новокузнецке,False,,
96,Филиал КузГТУ им. Т.Ф. Горбачева в г. Прокопьевске,False,,
97,Филиал МАГУ в г. Апатиты,False,,
98,Филиал МГТУ им. Г.И. Носова в г. Белорецк,False,,
99,Филиал МИРЭА в г. Ставрополе,False,,
100,Филиал МИРЭА в г. Фрязино,False,,
101,Филиал МПГУ в г. Черняховске,False,,
102,Филиал МЭИ в г. Волжском,False,,
103,Филиал МЭИ в г. Смоленске,False,,
104,Филиал ОГУ им. И.С. Тургенева в г. Карачеве,False,,
105,Филиал ОГУ им. И.С. Тургенева в г. Ливны,False,,
106,Филиал ОГУ им. И.С. Тургенева в г. Мценске,False,,
107,Филиал ОмГПУ в г. Таре ,False,,
108,Филиал РГГМУ в г. Туапсе,False,,
109,Филиал РГГУ в г. Домодедово,False,,
110,Филиал РГСУ в г. Анапа,False,,
111,Филиал РГСУ в г. Клин,False,,
112,Филиал РГСУ в г. Павловский Посад,False,,
113,Филиал РГСУ в г. Пятигорск,False,,
114,Филиал РГСУ в г. Сочи,False,,
115,Филиал РГУ им. А.Н. Косыгина (НТИ) в г. Новосибирске,False,,
116,Филиал РГУ им. А.Н. Косыгина в г. Твери ,False,,
117,Филиал РГУНГ им. И.М. Губкина в г. Оренбурге,False,,
118,Филиал РГУПС в г. Воронеже,False,,
119,Филиал РГУПС в г. Туапсе,False,,
120,Филиал РГУТИС в г. Махачкале ,False,,
121,Филиал РЭУ им. Плеханова в г. Пятигорске,False,,
122,Филиал САФУ в г. Коряжме,True,,
123,Филиал САФУ в г. Северодвинске,True,,
124,Филиал СПбГЭУ в г. Кизляре,False,,
125,Филиал СамГТУ в г. Белебее Республики Башкортостан,False,,
126,Филиал СамГТУ в г. Новокуйбышевске,True,,
127,Филиал СамГТУ в г. Сызрани,False,,
128,Филиал СибГУ им. М.Ф. Решетнева в г. Лесосибирске,False,,
129,Филиал ТИУ в г. Нижневартовске,True,,
130,Филиал ТИУ в г. Сургуте,True,,
131,Филиал УГНТУ в г. Салавате,False,,
132,Филиал УГНТУ в г. Стерлитамаке,False,,
133,Филиал УГТУ в г. Усинске,False,,
134,Филиал УУНиТ в г. Ишимбае,False,,
135,Филиал УУНиТ в г. Кумертау,False,,
136,Филиал УдГУ в г. Воткинске,False,,
137,Филиал УдГУ в г. Можге,False,,
138,Филиал УдГУ в г. Нижняя Тура ,False,,
139,Филиал УрГУПС в г. Нижнем Тагиле ,False,,
140,Филиал УрГУПС в г. Тюмени,False,,
141,Филиал УрФУ в Верхней Салде,True,,
142,Филиал УрФУ в Краснотурьинске,False,,
143,Филиал УрФУ в г. Невьянск,False,,
144,Филиал ЮУрГУ в г. Златоусте ,False,,
145,Филиал ЮУрГУ в г. Нижневартовске,False,,
146,Филиал ЮУрГУ в. Миассе,False,,
147,Филиал ЮФУ в г. Геленджике,False,,
148,Филиал ЮФУ в г. Махачкале,False,,
149,Филиал ЮФУ в г. Новошахтинске,False,,
150,ХГИК,True,,
151,ХГУ им. Н.Ф. Катанова,True,,
152,ХГУЭП ,True,,
153,ХИИК СибГУТИ,False,,
154,ХМГМА,True,,
155,ХТИ - филиал СФУ,True,,
156,ЦФ ФГБОУВО «РГУП»,True,,
157,ЧГАФКиС,True,,
158,ЧГИК,True,"
Вероятно, общежитие в этом вузе дают всем желающим
Информация выявлена путем опроса студентов
",9.45
159,ЧГИКИ,True,,
160,ЧГИФКИС,True,,
161,ЧГМА,True,,
162,ЧГПУ,True,,
163,ЧГПУ им. И. Я. Яковлева,True,,
164,ЧГУ  ,True,,
165,ЧГУ им. А.А. Кадырова,False,,
166,ЧГУ им. И.Н. Ульянова,True,,
167,ЧИПС УрГУПС,False,,
168,ЧФ ПНИПУ,False,,
169,Чебоксарский институт Московского политеха,False,,
170,Чебоксарский филиал РАНХиГС,False,,
171,ЧелГУ,True,"
Вероятно, общежитие в этом вузе дают всем желающим
Информация выявлена путем опроса студентов
Челябинский государственный университет располагает тремя общежитиями по 300 мест.
Общежитие имеет три 9-этажных корпуса блочного типа. Функционирует &quot;пальчиковая&quot; пропускная система.
​На территории и в здании общежитий установлены камеры видеонаблюдения с записью происходящего на длительный срок.
Установлена пожарная сигнализация двух видов: звуковая (для студентов в комнатах) и проводная-дистанционная (сигнал поступает в пожарную часть).
Имеется система быстрой эвакуации «БАРС» (установлена с 5 по 9 этажи по одной в каждом крыле).
В здании имеется прачечная: 4 стиральные машины в подвальном помещении.
Работают лифты. Предоставляются бесплатные услуги сантехника, электрика и плотника.
В летний период в здании общежития осуществляется косметический плановый ремонт.
В общежитии № 2 расположен санаторий-профилакторий для студентов университета.
Студенческое общежитие приспособлено для использования инвалидами и лицами с ограниченными возможностями здоровья, на первом этаже оборудованы специальные комнаты для проживания маломобильных инвалидов, места общего пользования, установлен входной пандус.",
172,Челябинский филиал РАНХиГС,False,,
173,Чистопольский филиал «Восток» КНИТУ-КАИ,False,,
174,Читинский институт БГУ,False,,
175,Чувашский ГАУ,True,,
176,Чукотский филиал СВФУ им. М.К. Аммосова в г. Анадырь ,False,,
177,ШГПУ,True,,
178,Шуйский филиал ИвГУ,False,,
179,Электростальский институт Московского политеха,False,,
180,Энгельсский технологический институт СГТУ им. Ю.А. Гагарина,False,,
181,ЮГУ,True,"
Вероятно, общежитие в этом вузе дают всем желающим
Информация выявлена путем опроса студентов
",7.83
182,ЮЗГУ,True,,
183,ЮРГПУ (НПИ),True,,
184,ЮУГМУ,True,,
185,ЮУрГАУ,True,,
186,ЮУрГГПУ,True,,
187,ЮУрГУ,True,"
В ЮУрГУ существует уютный и дружный студенческий городок. Студгородок — это 8 общежитий, которые расположены в самом центре города. Рядом обширная лесопарковая зона, а также парк культуры и отдыха им. Гагарина.
На территории студенческого городка находятся учебные корпуса ЮУрГУ, столовые и кафе, студенческая поликлиника, бассейн, учебно-спортивный комплекс, музеи,  парикмахерские,  продуктовые магазины, университетский комплекс «Сигма» с конференцзалами и мультимедийными аудиториями. Помимо всех удобств бытовой жизни в Кампусе созданы и возможности для учебы. В каждом общежитии студент может воспользоваться свободным доступом в интернет и всеми информационными источниками университета: файловым сервером факультетов и кафедр, каталогом электронных ресурсов ЮУрГУ и сайтом научной библиотеки, крупными зарубежными базами данных. В общежитиях оборудованы учебные комнаты, спортивные комнаты для занятий тяжёлой атлетикой, шейпингом, оздоровительной гимнастикой, комнаты досуга. В студенческом городке каждый сможет найти себе занятие по душе.",
188,ЮФУ,True,"
Вероятно, общежитие в этом вузе дают всем желающим
Информация выявлена путем опроса студентов
",6.8
189,Южно-Российский институт управления РАНХиГС,False,,
190,Юргинский технологический институт ТПУ,False,,
191,ЯГМУ,True,,
192,ЯГПУ им. Ушинского,True,,
193,ЯГСХА,True,,
194,ЯГТИ,True,,
195,ЯГТУ,True,,
196,ЯрГУ,True,"
Вероятно, общежитие в этом вузе дают не всем
Информация выявлена путем опроса студентов",
197,Ярославский филиал ПГУПС,True,,
198,Ярославский филиал ФУ при Правительстве РФ,False,,
